,ssim,psnr,lpips,flip
ssim,1.0,0.8784979669935422,-0.8391191444288789,-0.8921054429903987
psnr,0.8784979669935422,1.0,-0.8653261352376397,-0.9827279871527659
lpips,-0.8391191444288789,-0.8653261352376397,1.0,0.8607988519492944
flip,-0.8921054429903987,-0.9827279871527659,0.8607988519492944,1.0
