{
  "alignment_method": "Alignment",
  "video1": "recordings/cyberpunk/trimmed/1080p_dlaa_run1.mp4",
  "video2": "recordings/cyberpunk/trimmed/1080p_dlaa_run2.mp4",
  "frames_compared": 131,
  "metrics": {
    "ssim": {
      "mean": 0.7934154597687196,
      "std": 0.07640134868760896,
      "min": 0.6075456441876634,
      "max": 0.9250809689093014,
      "median": 0.816376917496359
    },
    "mse": {
      "mean": 252.6506916282336,
      "std": 162.07436993054833,
      "min": 65.0113163901749,
      "max": 1280.5706820666153,
      "median": 212.92925363297326
    },
    "psnr": {
      "mean": 24.78570377209976,
      "std": 2.3662532596994446,
      "min": 17.05676806189727,
      "max": 30.000914008705642,
      "median": 24.848450290744513
    },
    "lpips": {
      "mean": 0.2354122804093907,
      "std": 0.06036000273530661,
      "min": 0.10716415196657181,
      "max": 0.40822362899780273,
      "median": 0.23244145512580872
    },
    "flip": {
      "mean": 5.639125125256955,
      "std": 1.6279527544185863,
      "min": 2.6657292872299383,
      "max": 12.421768602912808,
      "median": 5.3116623263888885
    },
    "optical_flow_consistency": {
      "mean": 25.41946833777953,
      "std": 36.593328486069076,
      "min": 0.09859230324070722,
      "max": 292.161222350823,
      "median": 17.557308867026762
    },
    "vmaf": {
      "mean": 8.533503,
      "harmonic_mean": 2.203353,
      "min": 0.0,
      "max": 73.745206,
      "median": 5.848423,
      "std": 8.7494295603616
    }
  }
}